1001,https://w7.pngwing.com/pngs/323/773/png-transparent-sneakers-basketball-shoe-sportswear-nike-shoe-outdoor-shoe-running-sneakers-thumbnail.png,top selling,5,230 
1002,https://e7.pngegg.com/pngimages/88/948/png-clipart-shoe-shoes-brown-leather-thumbnail.png,shoes top,4,85 
1003,https://encrypted-tbn0.gstatic.com/images?q=tbn:ANd9GcS_i1oEZlQcAKNW_HFPmXNbvA-YkuIDXhATvA&s,mean shoes,5,3300 
1004,https://parspng.com/wp-content/uploads/2023/02/shoespng.parspng.com-12.png,orange shoes,5,250 
1005,https://i.pinimg.com/originals/f1/34/29/f134291a8f897ac182681f1ac9b48535.jpg,white shoes,4,130 
1006,https://www.pngarts.com/files/4/Brown-Shoes-PNG-Download-Image.png,shoes top,5,180 
1007,https://img.lovepik.com/free-png/20220118/lovepik-childrens-shoes-png-image_401446400_wh300.png,shoes top,5,230 
1008,https://www.pngplay.com/wp-content/uploads/6/Red-White-Adidas-Shoes-PNG.png,men's shoes ,5,580 
1009,https://png.pngtree.com/png-vector/20231230/ourmid/pngtree-dropshipping-men-hole-sole-jogging-shoes-png-image_11389148.png,shoes,5,460 
1010,https://www.pngarts.com/files/4/Brown-Shoes-PNG-Download-Image.png,top selling,4,270 
1011,https://e7.pngegg.com/pngimages/88/948/png-clipart-shoe-shoes-brown-leather-thumbnail.png,shoes top,5,75 
1012,https://e7.pngegg.com/pngimages/88/948/png-clipart-shoe-shoes-brown-leather-thumbnail.png,shoes top,5,75 
